ProductID,ProductCategory,Material,Brand,UnitCost,UnitPrice,Discount,UnitsSold,Region,StoreType,Season,CustomerRating,ProfitMargin,Revenue,IsTopSeller
1000,Dress,Linen,Zara,2387,16263,0.17,290,North,Online,Spring,3.0,5.81,3914504.1,Yes
1001,Top,Silk,Zara,1765,9355,0.17,223,East,Online,Summer,4.9,4.3,1731516.95,No
1002,Lehenga,Chiffon,Zara,7991,19552,0.03,40,West,Retail,Spring,2.9,1.45,758617.6,No
1003,Top,Georgette,Zara,1540,17469,0.1,346,West,Online,Summer,3.9,10.34,5439846.6,Yes
1004,Top,Georgette,H&M,9609,948,0.08,192,North,Online,Festive,3.9,-0.9,167454.72,No
1005,Kurti,Silk,H&M,8573,14195,0.12,32,South,Retail,Festive,3.7,0.66,399731.2,No
1006,Lehenga,Linen,Biba,9577,5695,0.24,41,East,Retail,Summer,4.1,-0.41,177456.2,No
1007,Lehenga,Linen,FabIndia,3252,18196,0.11,455,East,Online,Summer,3.1,4.6,7368470.2,Yes
1008,Lehenga,Chiffon,Zara,8713,11823,0.14,83,North,Online,Summer,3.9,0.36,843925.74,No
1009,Top,Silk,Biba,5069,11499,0.12,19,East,Retail,Spring,3.4,1.27,192263.28,No
1010,Dress,Georgette,FabIndia,6853,10515,0.03,493,East,Retail,Summer,4.2,0.53,5028378.15,Yes
1011,Lehenga,Linen,GlobalDesi,2853,19969,0.13,465,South,Retail,Festive,2.9,6.0,8078458.95,Yes
1012,Top,Silk,H&M,7937,16963,0.06,63,South,Retail,Festive,3.9,1.14,1004548.86,No
1013,Kurti,Linen,FabIndia,5299,6582,0.06,61,North,Retail,Winter,3.0,0.24,377411.88,No
1014,Dress,Linen,GlobalDesi,1186,19592,0.03,157,South,Retail,Summer,3.2,15.52,2983665.68,No
1015,Kurti,Georgette,FabIndia,8976,17524,0.11,169,North,Retail,Spring,3.0,0.95,2635784.84,No
1016,Dress,Cotton,H&M,5311,3617,0.23,379,West,Online,Spring,3.0,-0.32,1055549.11,Yes
1017,Top,Chiffon,H&M,9454,15896,0.08,23,North,Retail,Spring,4.6,0.68,336359.36,No
1018,Saree,Chiffon,Biba,5846,19680,0.09,187,West,Retail,Winter,3.2,2.37,3348945.6,No
1019,Dress,Georgette,Zara,5543,6099,0.19,421,North,Online,Festive,4.8,0.1,2079819.99,Yes
1020,Kurti,Linen,FabIndia,2928,10717,0.06,375,East,Retail,Spring,4.9,2.66,3777742.5,Yes
1021,Top,Silk,FabIndia,5626,18873,0.27,62,South,Retail,Festive,3.9,2.35,854191.98,No
1022,Dress,Linen,GlobalDesi,8720,4067,0.16,417,West,Online,Winter,2.9,-0.53,1424588.76,Yes
1023,Saree,Georgette,H&M,9598,5206,0.13,344,North,Retail,Summer,3.4,-0.46,1558051.68,Yes
1024,Saree,Chiffon,FabIndia,8313,18626,0.17,31,South,Online,Summer,4.5,1.24,479246.98,No
1025,Lehenga,Linen,H&M,3856,11182,0.05,39,North,Online,Summer,3.4,1.9,414293.1,No
1026,Lehenga,Chiffon,FabIndia,9207,5237,0.18,200,South,Online,Spring,2.7,-0.43,858868.0,No
1027,Kurti,Silk,Biba,7766,6235,0.11,269,South,Online,Summer,3.9,-0.2,1492721.35,Yes
1028,Dress,Chiffon,Zara,7040,4907,0.27,214,North,Retail,Spring,4.6,-0.3,766571.54,No
1029,Dress,Chiffon,FabIndia,538,1360,0.05,68,West,Online,Winter,4.5,1.53,87856.0,No
1030,Lehenga,Cotton,H&M,3842,13129,0.15,480,West,Online,Winter,2.9,2.42,5356632.0,Yes
1031,Dress,Cotton,Biba,9578,2626,0.18,273,East,Retail,Spring,4.2,-0.73,587856.36,Yes
1032,Dress,Cotton,FabIndia,3344,12221,0.01,475,South,Online,Festive,3.1,2.65,5746925.25,Yes
1033,Saree,Chiffon,GlobalDesi,1598,13065,0.11,21,East,Online,Summer,3.0,7.18,244184.85,No
1034,Lehenga,Georgette,Zara,7527,8429,0.22,128,East,Online,Summer,4.7,0.12,841551.36,No
1035,Top,Chiffon,FabIndia,2323,9125,0.25,424,North,Online,Summer,3.1,2.93,2901750.0,Yes
1036,Lehenga,Georgette,Biba,3655,8493,0.09,471,North,Retail,Spring,3.2,1.32,3640184.73,Yes
1037,Top,Georgette,GlobalDesi,3593,9064,0.24,299,North,Online,Winter,2.5,1.52,2059703.36,Yes
1038,Saree,Cotton,Biba,6158,13486,0.29,347,South,Retail,Summer,4.7,1.19,3322545.82,Yes
1039,Kurti,Linen,Biba,4278,14516,0.26,257,North,Retail,Winter,4.5,2.39,2760652.88,Yes
1040,Dress,Silk,GlobalDesi,3396,7521,0.04,363,North,Online,Summer,4.1,1.21,2620918.08,Yes
1041,Saree,Cotton,Biba,1488,8173,0.22,136,South,Online,Summer,4.4,4.49,866991.84,No
1042,Dress,Cotton,GlobalDesi,4616,6707,0.1,84,South,Online,Spring,2.9,0.45,507049.2,No
1043,Kurti,Linen,FabIndia,6946,16927,0.3,370,West,Online,Festive,3.6,1.44,4384093.0,Yes
1044,Kurti,Silk,GlobalDesi,4679,6456,0.15,213,North,Retail,Spring,3.4,0.38,1168858.8,No
1045,Saree,Chiffon,GlobalDesi,2182,9784,0.04,58,North,Retail,Summer,2.7,3.48,544773.12,No
1046,Kurti,Chiffon,Zara,6126,9086,0.22,88,North,Retail,Summer,3.7,0.48,623663.04,No
1047,Top,Cotton,GlobalDesi,7924,6701,0.1,450,West,Online,Festive,4.8,-0.15,2713905.0,Yes
1048,Kurti,Silk,GlobalDesi,1433,5717,0.3,488,North,Retail,Winter,2.6,2.99,1952927.2,Yes
1049,Dress,Cotton,FabIndia,4098,9229,0.29,250,West,Online,Winter,3.2,1.25,1638147.5,Yes
1050,Dress,Georgette,Zara,2480,15516,0.2,358,East,Online,Summer,3.0,5.26,4443782.4,Yes
1051,Dress,Cotton,H&M,3556,16595,0.04,163,West,Online,Winter,3.1,3.67,2596785.6,No
1052,Dress,Cotton,FabIndia,9484,11938,0.21,283,East,Online,Summer,4.8,0.26,2668978.66,Yes
1053,Top,Chiffon,FabIndia,1291,3330,0.03,105,North,Online,Festive,3.7,1.58,339160.5,No
1054,Lehenga,Chiffon,H&M,5890,19144,0.01,223,East,Retail,Festive,3.7,2.25,4226420.88,No
1055,Saree,Chiffon,GlobalDesi,7135,18232,0.25,303,West,Retail,Summer,4.4,1.56,4143222.0,Yes
1056,Dress,Georgette,Biba,2755,6572,0.06,218,South,Online,Festive,2.9,1.39,1346734.24,No
1057,Kurti,Chiffon,Zara,4110,16276,0.11,352,East,Retail,Spring,3.7,2.96,5098945.28,Yes
1058,Dress,Silk,Biba,2107,19713,0.29,97,East,Online,Spring,3.6,8.36,1357634.31,No
1059,Kurti,Linen,H&M,5679,16551,0.1,315,North,Online,Festive,4.0,1.91,4692208.5,Yes
1060,Kurti,Silk,FabIndia,7073,3764,0.09,273,West,Online,Summer,5.0,-0.47,935090.52,Yes
1061,Dress,Silk,FabIndia,1484,7937,0.28,434,East,Retail,Summer,4.4,4.35,2480153.76,Yes
1062,Top,Chiffon,Zara,6276,18147,0.03,399,East,Online,Festive,3.5,1.89,7023433.41,Yes
1063,Kurti,Linen,FabIndia,4176,17720,0.23,334,East,Online,Winter,4.6,3.24,4557229.6,Yes
1064,Kurti,Linen,FabIndia,3880,14691,0.3,437,East,Retail,Spring,2.9,2.79,4493976.9,Yes
1065,Dress,Linen,Zara,9211,8140,0.27,386,South,Retail,Winter,2.6,-0.12,2293689.2,Yes
1066,Kurti,Georgette,Zara,9282,8767,0.2,329,West,Retail,Summer,3.0,-0.06,2307474.4,Yes
1067,Kurti,Chiffon,H&M,1550,13215,0.09,166,North,Online,Summer,3.4,7.53,1996257.9,No
1068,Dress,Linen,FabIndia,4133,12671,0.08,165,North,Online,Winter,3.8,2.07,1923457.8,No
1069,Dress,Georgette,FabIndia,6842,12716,0.25,148,South,Retail,Festive,4.0,0.86,1411476.0,No
1070,Saree,Cotton,H&M,1459,9534,0.26,130,West,Online,Winter,4.8,5.53,917170.8,No
1071,Top,Cotton,GlobalDesi,6559,1645,0.16,74,East,Retail,Winter,3.8,-0.75,102253.2,No
1072,Top,Georgette,GlobalDesi,9384,3294,0.07,116,South,Retail,Spring,3.8,-0.65,355356.72,No
1073,Kurti,Georgette,GlobalDesi,6155,13477,0.03,156,West,Online,Spring,2.6,1.19,2039339.64,No
1074,Top,Chiffon,H&M,4973,19903,0.03,146,East,Online,Winter,2.6,3.0,2818662.86,No
1075,Kurti,Chiffon,FabIndia,3446,19068,0.22,420,South,Retail,Winter,3.9,4.53,6246676.8,Yes
1076,Saree,Cotton,H&M,8225,13130,0.13,171,West,Retail,Summer,3.6,0.6,1953350.1,No
1077,Dress,Linen,H&M,1026,5979,0.27,437,North,Retail,Spring,4.6,4.83,1907360.79,Yes
1078,Dress,Cotton,GlobalDesi,3724,7410,0.22,461,North,Retail,Spring,2.9,0.99,2664487.8,Yes
1079,Dress,Linen,Biba,2375,7230,0.06,109,West,Online,Summer,2.6,2.04,740785.8,No
1080,Top,Linen,FabIndia,2263,7954,0.18,347,North,Retail,Festive,3.6,2.51,2263231.16,Yes
1081,Saree,Chiffon,GlobalDesi,9212,14628,0.13,408,West,Retail,Spring,3.1,0.59,5192354.88,Yes
1082,Top,Silk,Biba,6297,10945,0.17,316,East,Retail,Spring,2.6,0.74,2870654.6,Yes
1083,Top,Silk,Biba,9708,7288,0.22,150,West,Online,Festive,4.3,-0.25,852696.0,No
1084,Saree,Georgette,Zara,7599,4650,0.24,92,East,Online,Spring,2.8,-0.39,325128.0,No
1085,Saree,Chiffon,FabIndia,5609,17873,0.25,186,South,Retail,Spring,4.0,2.19,2493283.5,No
1086,Saree,Linen,Biba,7144,14364,0.08,207,West,Online,Festive,3.2,1.01,2735480.16,No
1087,Saree,Silk,GlobalDesi,616,5878,0.01,121,South,Online,Festive,2.9,8.54,704125.62,No
1088,Dress,Linen,Zara,2933,12968,0.22,65,North,Online,Winter,3.4,3.42,657477.6,No
1089,Lehenga,Silk,FabIndia,5963,6248,0.03,469,East,Retail,Summer,4.5,0.05,2842402.64,Yes
1090,Lehenga,Silk,H&M,1083,18363,0.09,188,West,Retail,Summer,3.5,15.96,3141542.04,No
1091,Saree,Silk,GlobalDesi,9086,9874,0.0,430,South,Online,Festive,4.4,0.09,4245820.0,Yes
1092,Lehenga,Chiffon,Biba,4288,7206,0.2,410,East,Retail,Festive,2.8,0.68,2363568.0,Yes
1093,Lehenga,Cotton,Biba,4667,9600,0.05,195,East,Retail,Spring,4.4,1.06,1778400.0,No
1094,Saree,Linen,GlobalDesi,8965,14883,0.2,480,North,Online,Winter,3.1,0.66,5715072.0,Yes
1095,Lehenga,Chiffon,Biba,1889,2438,0.3,227,North,Online,Winter,4.2,0.29,387398.2,No
1096,Top,Chiffon,Zara,8857,11140,0.02,422,East,Retail,Festive,3.9,0.26,4607058.4,Yes
1097,Kurti,Chiffon,FabIndia,6654,2182,0.02,426,East,Online,Spring,4.8,-0.67,910941.36,Yes
1098,Kurti,Chiffon,Zara,5920,2203,0.1,325,West,Retail,Spring,3.5,-0.63,644377.5,Yes
1099,Saree,Chiffon,Biba,9420,9811,0.26,484,East,Retail,Summer,2.7,0.04,3513907.76,Yes
1100,Dress,Georgette,H&M,2543,4092,0.06,226,West,Online,Summer,2.5,0.61,869304.48,No
1101,Saree,Linen,FabIndia,4697,9811,0.11,129,East,Retail,Spring,4.6,1.09,1126400.91,No
1102,Dress,Chiffon,FabIndia,3996,1219,0.02,448,North,Retail,Summer,3.8,-0.69,535189.76,Yes
1103,Kurti,Linen,GlobalDesi,1278,13211,0.23,403,West,Online,Festive,4.4,9.34,4099505.41,Yes
1104,Saree,Georgette,GlobalDesi,713,5317,0.12,184,South,Online,Spring,3.1,6.46,860928.64,No
1105,Top,Georgette,H&M,4262,16222,0.23,32,North,Online,Summer,3.4,2.81,399710.08,No
1106,Lehenga,Linen,FabIndia,7231,10500,0.27,222,West,Retail,Winter,2.6,0.45,1701630.0,No
1107,Dress,Silk,H&M,3617,6493,0.07,414,West,Online,Spring,4.9,0.8,2499934.86,Yes
1108,Lehenga,Cotton,GlobalDesi,6291,1567,0.24,244,South,Online,Spring,4.2,-0.75,290584.48,Yes
1109,Lehenga,Silk,GlobalDesi,9283,19228,0.02,22,West,Online,Winter,4.8,1.07,414555.68,No
1110,Saree,Silk,FabIndia,3220,15618,0.27,110,East,Online,Festive,3.2,3.85,1254125.4,No
1111,Lehenga,Silk,Zara,9405,2349,0.2,426,South,Retail,Winter,4.0,-0.75,800539.2,Yes
1112,Top,Chiffon,Biba,9627,10756,0.26,33,North,Retail,Spring,4.2,0.12,262661.52,No
1113,Lehenga,Georgette,GlobalDesi,6547,6940,0.0,373,North,Online,Festive,3.3,0.06,2588620.0,Yes
1114,Saree,Silk,GlobalDesi,8532,11637,0.05,20,East,Retail,Summer,4.6,0.36,221103.0,No
1115,Top,Georgette,Zara,501,4516,0.12,282,North,Online,Summer,4.9,8.01,1120690.56,Yes
1116,Kurti,Linen,Zara,6868,5281,0.11,461,West,Online,Summer,4.7,-0.23,2166741.49,Yes
1117,Lehenga,Cotton,H&M,2449,7348,0.07,440,West,Retail,Spring,4.3,2.0,3006801.6,Yes
1118,Saree,Linen,H&M,7232,19477,0.11,290,East,Retail,Winter,3.2,1.69,5027013.7,Yes
1119,Kurti,Linen,Biba,8333,5637,0.04,103,North,Online,Festive,3.2,-0.32,557386.56,No
1120,Kurti,Chiffon,Biba,1417,8558,0.12,210,North,Online,Summer,4.9,5.04,1581518.4,No
1121,Dress,Cotton,FabIndia,3674,11700,0.24,30,East,Retail,Festive,2.5,2.18,266760.0,No
1122,Top,Linen,H&M,7514,8793,0.14,349,South,Online,Spring,4.3,0.17,2639131.02,Yes
1123,Lehenga,Linen,GlobalDesi,589,6342,0.01,476,North,Retail,Summer,4.3,9.77,2988604.08,Yes
1124,Saree,Cotton,H&M,2209,15628,0.13,220,South,Online,Spring,4.1,6.07,2991199.2,No
1125,Dress,Cotton,GlobalDesi,3541,16852,0.01,149,North,Online,Winter,5.0,3.76,2485838.52,No
1126,Top,Linen,Zara,605,3185,0.29,302,North,Retail,Spring,3.3,4.26,682927.7,Yes
1127,Dress,Cotton,H&M,9578,15108,0.04,307,North,Retail,Spring,3.3,0.58,4452629.76,Yes
1128,Top,Linen,Zara,9119,1471,0.21,410,North,Retail,Winter,2.7,-0.84,476456.9,Yes
1129,Top,Linen,Biba,2395,963,0.29,110,West,Retail,Festive,3.6,-0.6,75210.3,No
1130,Lehenga,Chiffon,Biba,6590,9456,0.25,313,South,Retail,Winter,3.2,0.43,2219796.0,Yes
1131,Top,Silk,FabIndia,9008,12034,0.21,368,South,Retail,Winter,3.4,0.34,3498524.48,Yes
1132,Dress,Linen,H&M,6582,5595,0.25,37,North,Retail,Spring,4.6,-0.15,155261.25,No
1133,Top,Georgette,Zara,1134,11434,0.29,50,North,Online,Festive,4.8,9.08,405907.0,No
1134,Lehenga,Silk,GlobalDesi,2425,5598,0.19,364,South,Online,Summer,3.0,1.31,1650514.32,Yes
1135,Lehenga,Silk,Biba,2556,19539,0.17,312,West,Online,Winter,3.4,6.64,5059819.44,Yes
1136,Dress,Silk,Biba,7417,11549,0.19,155,East,Retail,Festive,4.8,0.56,1449976.95,No
1137,Kurti,Chiffon,GlobalDesi,3644,6627,0.16,265,East,Retail,Winter,2.7,0.82,1475170.2,Yes
1138,Kurti,Linen,Zara,1052,5519,0.19,471,South,Retail,Winter,2.7,4.25,2105553.69,Yes
1139,Top,Chiffon,Zara,9407,1393,0.13,236,North,Online,Winter,2.9,-0.85,286010.76,Yes
1140,Saree,Linen,H&M,5883,8194,0.07,245,North,Retail,Winter,4.0,0.39,1867002.9,Yes
1141,Top,Chiffon,H&M,4411,14856,0.04,370,West,Retail,Spring,2.9,2.37,5276851.2,Yes
1142,Dress,Chiffon,FabIndia,3889,11436,0.02,389,East,Online,Festive,4.9,1.94,4359631.92,Yes
1143,Dress,Georgette,Biba,9799,19856,0.08,464,West,Retail,Festive,3.6,1.03,8476129.28,Yes
1144,Dress,Chiffon,H&M,8942,816,0.01,498,East,Online,Festive,3.8,-0.91,402304.32,Yes
1145,Dress,Cotton,Zara,2930,3991,0.17,22,South,Online,Winter,3.1,0.36,72875.66,No
1146,Dress,Georgette,GlobalDesi,958,1192,0.09,219,East,Retail,Spring,3.7,0.24,237553.68,No
1147,Lehenga,Chiffon,Zara,707,7072,0.25,238,West,Retail,Winter,4.2,9.0,1262352.0,Yes
1148,Kurti,Silk,Biba,1399,17755,0.02,406,West,Retail,Winter,4.4,11.69,7064359.4,Yes
1149,Dress,Cotton,Zara,521,4431,0.07,109,West,Online,Festive,4.4,7.5,449170.47,No
1150,Saree,Cotton,FabIndia,9101,6972,0.22,40,South,Online,Winter,3.9,-0.23,217526.4,No
1151,Saree,Cotton,Biba,1394,10112,0.18,395,East,Online,Summer,4.8,6.25,3275276.8,Yes
1152,Saree,Georgette,GlobalDesi,1014,19463,0.02,25,East,Retail,Winter,4.5,18.19,476843.5,No
1153,Saree,Chiffon,FabIndia,7794,9706,0.26,146,West,Retail,Summer,4.4,0.25,1048636.24,No
1154,Lehenga,Chiffon,Biba,5404,17959,0.26,338,East,Retail,Winter,2.6,2.32,4491905.08,Yes
1155,Saree,Silk,GlobalDesi,8367,19431,0.1,175,North,Retail,Spring,2.5,1.32,3060382.5,No
1156,Dress,Silk,FabIndia,4609,17262,0.1,468,North,Online,Spring,3.0,2.75,7270754.4,Yes
1157,Top,Cotton,FabIndia,7679,8880,0.3,319,North,Online,Festive,4.2,0.16,1982904.0,Yes
1158,Saree,Silk,Biba,2060,7899,0.19,449,East,Online,Winter,3.5,2.83,2872787.31,Yes
1159,Lehenga,Georgette,H&M,1766,15716,0.16,479,South,Online,Summer,3.5,7.9,6323489.76,Yes
1160,Lehenga,Chiffon,FabIndia,4138,7883,0.25,490,South,Retail,Summer,4.7,0.91,2897002.5,Yes
1161,Saree,Cotton,FabIndia,9441,10023,0.09,109,South,Retail,Winter,4.7,0.06,994181.37,No
1162,Top,Silk,GlobalDesi,3927,5740,0.13,118,South,Retail,Summer,4.8,0.46,589268.4,No
1163,Saree,Georgette,Zara,5280,4256,0.08,352,North,Online,Spring,3.3,-0.19,1378263.04,Yes
1164,Lehenga,Georgette,Biba,2427,8588,0.24,182,North,Online,Summer,4.2,2.54,1187892.16,No
1165,Kurti,Silk,Biba,2856,3511,0.17,246,West,Retail,Festive,3.2,0.23,716875.98,Yes
1166,Dress,Chiffon,H&M,5290,12080,0.2,171,East,Retail,Spring,3.0,1.28,1652544.0,No
1167,Lehenga,Silk,H&M,806,18852,0.08,402,East,Online,Spring,3.0,22.39,6972223.68,Yes
1168,Saree,Cotton,Biba,8479,17331,0.07,225,South,Retail,Spring,3.4,1.04,3626511.75,No
1169,Dress,Silk,H&M,4165,12889,0.15,273,North,Online,Winter,3.6,2.09,2990892.45,Yes
1170,Saree,Georgette,GlobalDesi,7557,10942,0.22,272,South,Online,Winter,4.6,0.45,2321454.72,Yes
1171,Saree,Silk,Biba,1161,17549,0.16,301,West,Online,Spring,2.8,14.12,4437089.16,Yes
1172,Kurti,Chiffon,H&M,5144,16387,0.01,283,East,Retail,Winter,4.3,2.19,4591145.79,Yes
1173,Dress,Linen,Biba,9003,10666,0.26,12,East,Retail,Summer,3.8,0.18,94714.08,No
1174,Dress,Silk,Zara,3420,5331,0.02,37,South,Online,Winter,3.2,0.56,193302.06,No
1175,Kurti,Chiffon,FabIndia,9774,13486,0.29,335,West,Retail,Winter,3.7,0.38,3207645.1,Yes
1176,Lehenga,Chiffon,Biba,9446,6130,0.01,437,East,Online,Spring,3.2,-0.35,2652021.9,Yes
1177,Saree,Georgette,FabIndia,6736,6310,0.21,158,West,Online,Festive,4.0,-0.06,787614.2,No
1178,Top,Chiffon,H&M,6578,9764,0.02,37,West,Online,Festive,3.6,0.48,354042.64,No
1179,Saree,Chiffon,FabIndia,852,7293,0.27,497,South,Online,Festive,2.9,7.56,2645973.33,Yes
1180,Saree,Chiffon,Biba,9594,11559,0.14,319,North,Retail,Summer,2.8,0.2,3171096.06,Yes
1181,Lehenga,Chiffon,Zara,7505,6239,0.04,447,South,Online,Winter,3.9,-0.17,2677279.68,Yes
1182,Saree,Cotton,H&M,658,15273,0.1,74,North,Online,Festive,4.8,22.21,1017181.8,No
1183,Kurti,Cotton,Biba,1456,10565,0.05,365,West,Retail,Spring,3.4,6.26,3663413.75,Yes
1184,Kurti,Georgette,H&M,2571,14079,0.05,30,North,Online,Festive,4.3,4.48,401251.5,No
1185,Dress,Silk,GlobalDesi,9095,7311,0.28,261,West,Online,Festive,4.1,-0.2,1373883.12,Yes
1186,Top,Chiffon,FabIndia,3953,12283,0.13,244,East,Retail,Winter,4.8,2.11,2607435.24,Yes
1187,Saree,Silk,GlobalDesi,7175,18430,0.24,236,East,Retail,Winter,4.6,1.57,3305604.8,Yes
1188,Saree,Silk,Biba,1455,3176,0.19,22,East,Retail,Winter,3.9,1.18,56596.32,No
1189,Lehenga,Georgette,Zara,6795,12624,0.2,322,South,Online,Summer,4.1,0.86,3251942.4,Yes
1190,Kurti,Chiffon,H&M,2212,19011,0.04,58,South,Retail,Summer,4.7,7.59,1058532.48,No
1191,Top,Chiffon,FabIndia,5203,7779,0.07,127,West,Retail,Festive,3.5,0.5,918777.69,No
1192,Dress,Linen,H&M,7063,10632,0.24,63,East,Online,Winter,3.3,0.51,509060.16,No
1193,Kurti,Silk,Biba,9965,13304,0.29,147,South,Online,Festive,2.5,0.34,1388538.48,No
1194,Dress,Silk,H&M,6131,7710,0.08,62,East,Online,Spring,4.6,0.26,439778.4,No
1195,Lehenga,Cotton,FabIndia,1894,14889,0.08,53,South,Online,Spring,4.5,6.86,725987.64,No
1196,Lehenga,Linen,Biba,9961,2996,0.14,312,North,Online,Winter,2.8,-0.7,803886.72,Yes
1197,Saree,Cotton,H&M,5232,6778,0.3,62,North,Retail,Winter,3.9,0.3,294165.2,No
1198,Top,Cotton,Zara,4214,17953,0.08,83,East,Retail,Spring,3.7,3.26,1370891.08,No
1199,Dress,Cotton,Biba,1029,1580,0.12,55,West,Retail,Winter,2.8,0.54,76472.0,No
1200,Kurti,Georgette,Biba,3458,10708,0.27,22,South,Online,Summer,5.0,2.1,171970.48,No
1201,Lehenga,Georgette,Zara,8404,7103,0.0,174,South,Online,Summer,3.0,-0.15,1235922.0,No
1202,Saree,Cotton,GlobalDesi,4091,15486,0.01,111,North,Online,Winter,2.7,2.79,1701756.54,No
1203,Saree,Linen,FabIndia,7395,4783,0.18,289,North,Retail,Spring,4.0,-0.35,1133475.34,Yes
1204,Dress,Silk,GlobalDesi,9631,10303,0.27,267,West,Retail,Festive,4.3,0.07,2008157.73,Yes
1205,Lehenga,Linen,H&M,1025,17705,0.07,479,West,Online,Winter,2.6,16.27,7887046.35,Yes
1206,Top,Chiffon,Zara,6977,13870,0.14,346,West,Retail,Winter,4.1,0.99,4127157.2,Yes
1207,Lehenga,Georgette,GlobalDesi,501,13032,0.14,365,East,Online,Festive,3.8,25.01,4090744.8,Yes
1208,Dress,Silk,Biba,874,5383,0.14,407,North,Retail,Winter,2.8,5.16,1884157.66,Yes
1209,Dress,Silk,H&M,5148,6746,0.19,147,East,Retail,Festive,2.9,0.31,803246.22,No
1210,Lehenga,Chiffon,H&M,2865,17177,0.14,172,North,Retail,Spring,3.9,5.0,2540821.84,No
1211,Dress,Chiffon,GlobalDesi,2025,7928,0.13,418,North,Online,Summer,3.2,2.92,2883096.48,Yes
1212,Lehenga,Cotton,GlobalDesi,2146,12689,0.14,396,South,Retail,Spring,4.8,4.91,4321365.84,Yes
1213,Kurti,Georgette,Zara,513,13075,0.18,120,North,Retail,Summer,4.5,24.49,1286580.0,No
1214,Lehenga,Georgette,FabIndia,5099,3261,0.16,111,North,Online,Festive,5.0,-0.36,304055.64,No
1215,Lehenga,Linen,GlobalDesi,2778,15091,0.26,26,East,Retail,Summer,3.1,4.43,290350.84,No
1216,Dress,Cotton,GlobalDesi,3655,14836,0.01,277,North,Online,Spring,4.9,3.06,4068476.28,Yes
1217,Dress,Cotton,Biba,8821,12235,0.25,191,East,Online,Summer,3.6,0.39,1752663.75,No
1218,Saree,Cotton,H&M,4314,1485,0.25,381,West,Online,Festive,3.4,-0.66,424338.75,Yes
1219,Saree,Cotton,FabIndia,3716,19344,0.09,33,North,Online,Summer,2.6,4.21,580900.32,No
1220,Kurti,Georgette,Biba,8719,13058,0.14,38,North,Online,Winter,2.6,0.5,426735.44,No
1221,Saree,Georgette,Zara,2613,16790,0.13,180,East,Retail,Spring,4.2,5.43,2629314.0,No
1222,Lehenga,Cotton,Zara,9944,17222,0.07,418,West,Online,Winter,3.6,0.73,6694880.28,Yes
1223,Dress,Linen,GlobalDesi,4856,11536,0.12,237,South,Online,Festive,3.1,1.38,2405948.16,Yes
1224,Saree,Silk,GlobalDesi,6043,5675,0.01,387,West,Online,Summer,4.0,-0.06,2174262.75,Yes
1225,Saree,Silk,Zara,5055,18440,0.08,197,East,Online,Winter,3.1,2.65,3342065.6,No
1226,Kurti,Linen,GlobalDesi,7562,11982,0.25,355,West,Retail,Winter,3.9,0.58,3190207.5,Yes
1227,Kurti,Cotton,FabIndia,3874,2996,0.09,239,East,Online,Summer,3.4,-0.23,651600.04,Yes
1228,Lehenga,Georgette,GlobalDesi,6930,7965,0.25,330,East,Retail,Summer,4.6,0.15,1971337.5,Yes
1229,Dress,Silk,H&M,3966,16797,0.16,349,South,Online,Spring,4.6,3.24,4924208.52,Yes
1230,Kurti,Chiffon,GlobalDesi,3581,15015,0.26,128,North,Retail,Winter,3.7,3.19,1422220.8,No
1231,Saree,Chiffon,Biba,1129,1101,0.17,165,East,Online,Winter,3.4,-0.02,150781.95,No
1232,Dress,Linen,FabIndia,769,17830,0.01,281,East,Online,Festive,3.4,22.19,4960127.7,Yes
1233,Dress,Cotton,Biba,6224,15371,0.2,184,South,Retail,Spring,4.5,1.47,2262611.2,No
1234,Saree,Silk,Biba,6397,10751,0.01,474,East,Online,Festive,3.3,0.68,5045014.26,Yes
1235,Kurti,Cotton,H&M,3932,11573,0.14,113,North,Retail,Winter,3.0,1.94,1124664.14,No
1236,Saree,Silk,FabIndia,9972,16940,0.28,101,South,Online,Festive,2.7,0.7,1231876.8,No
1237,Dress,Linen,FabIndia,6776,13857,0.05,195,North,Retail,Winter,3.7,1.05,2567009.25,No
1238,Top,Linen,FabIndia,6395,13300,0.12,469,North,Online,Winter,3.7,1.08,5489176.0,Yes
1239,Top,Chiffon,FabIndia,7615,16721,0.22,292,South,Online,Festive,4.6,1.2,3808374.96,Yes
1240,Lehenga,Cotton,FabIndia,7156,12670,0.26,190,East,Retail,Festive,3.1,0.77,1781402.0,No
1241,Saree,Chiffon,H&M,1075,4882,0.2,179,North,Online,Summer,3.5,3.54,699102.4,No
1242,Saree,Cotton,GlobalDesi,7529,14518,0.08,196,North,Online,Summer,4.5,0.93,2617885.76,No
1243,Lehenga,Chiffon,Biba,6599,11317,0.2,184,North,Online,Summer,4.6,0.71,1665862.4,No
1244,Lehenga,Georgette,FabIndia,9999,4554,0.09,231,North,Online,Winter,3.5,-0.54,957296.34,No
1245,Lehenga,Georgette,GlobalDesi,3692,2524,0.22,242,South,Online,Festive,3.6,-0.32,476430.24,Yes
1246,Dress,Georgette,GlobalDesi,3678,2176,0.29,171,South,Online,Spring,3.3,-0.41,264188.16,No
1247,Saree,Georgette,Biba,6552,9506,0.22,1720,West,Retail,Winter,1.3,0.45,15941562.0,Yes
1248,Dress,Silk,H&M,3234,9694,0.26,143,West,Retail,Spring,2.8,2.0,1025819.08,No
1249,Lehenga,Georgette,Zara,6616,18837,0.0,400,North,Retail,Festive,4.8,1.85,7534800.0,Yes
1250,Saree,Linen,Zara,4068,19250,0.22,489,East,Online,Winter,4.2,3.73,7342335.0,Yes
1251,Dress,Linen,GlobalDesi,2703,17206,0.25,233,North,Retail,Spring,3.8,5.37,3006748.5,No
1252,Dress,Silk,Biba,1890,19644,0.01,162,East,Online,Spring,2.6,9.39,3150504.72,No
1253,Lehenga,Georgette,Zara,2242,6726,0.26,42,North,Online,Summer,3.7,2.0,209044.08,No
1254,Saree,Georgette,GlobalDesi,2425,7051,0.08,64,West,Online,Summer,3.5,1.91,415162.88,No
1255,Lehenga,Georgette,H&M,1119,10296,0.2,451,West,Online,Summer,2.9,8.2,3714796.8,Yes
1256,Saree,Chiffon,Zara,1774,4100,0.24,16,East,Retail,Winter,4.1,1.31,49856.0,No
1257,Top,Cotton,GlobalDesi,1456,9353,0.2,253,North,Online,Festive,4.9,5.42,1893047.2,Yes
1258,Kurti,Chiffon,GlobalDesi,2439,4527,0.03,322,East,Retail,Festive,3.9,0.86,1413963.18,Yes
1259,Kurti,Cotton,FabIndia,4453,17698,0.18,135,West,Online,Summer,4.3,2.97,1959168.6,No
1260,Kurti,Georgette,H&M,1468,17632,0.16,21,North,Retail,Summer,2.7,11.01,311028.48,No
1261,Lehenga,Georgette,FabIndia,9735,6819,0.27,25,North,Retail,Summer,3.5,-0.3,124446.75,No
1262,Top,Chiffon,Biba,781,16263,0.12,217,East,Retail,Spring,2.8,19.82,3105582.48,No
1263,Saree,Chiffon,FabIndia,6762,10847,0.1,52,South,Retail,Summer,4.0,0.6,507639.6,No
1264,Dress,Cotton,FabIndia,1558,12554,0.22,382,East,Retail,Spring,4.8,7.06,3740589.84,Yes
1265,Saree,Linen,Zara,4793,3320,0.12,493,West,Retail,Festive,4.2,-0.31,1440348.8,Yes
1266,Dress,Cotton,GlobalDesi,5678,3881,0.19,470,West,Online,Winter,2.7,-0.32,1477496.7,Yes
1267,Saree,Chiffon,H&M,7480,2228,0.19,144,West,Retail,Winter,3.4,-0.7,259873.92,No
1268,Top,Chiffon,FabIndia,9700,4767,0.27,237,West,Online,Winter,3.9,-0.51,824738.67,Yes
1269,Dress,Silk,H&M,1729,7245,0.18,120,West,Retail,Winter,3.5,3.19,712908.0,No
1270,Lehenga,Chiffon,FabIndia,9727,15366,0.15,316,South,Online,Spring,4.6,0.58,4127307.6,Yes
1271,Saree,Silk,Biba,5085,14842,0.04,466,North,Retail,Spring,4.5,1.92,6639717.12,Yes
1272,Saree,Linen,FabIndia,8967,12129,0.03,169,East,Retail,Summer,4.0,0.35,1988306.97,No
1273,Dress,Cotton,Zara,3240,2959,0.05,340,East,Online,Spring,3.4,-0.09,955757.0,Yes
1274,Lehenga,Cotton,GlobalDesi,2789,5932,0.05,273,West,Retail,Summer,3.1,1.13,1538464.2,Yes
1275,Lehenga,Silk,Biba,1739,19731,0.19,234,East,Retail,Summer,2.8,10.35,3739813.74,No
1276,Top,Cotton,FabIndia,5870,15733,0.22,480,West,Retail,Winter,3.4,1.68,5890435.2,Yes
1277,Lehenga,Chiffon,H&M,625,11273,0.16,226,South,Online,Spring,3.5,17.04,2140066.32,No
1278,Lehenga,Georgette,Biba,7973,19833,0.25,465,South,Retail,Spring,4.2,1.49,6916758.75,Yes
1279,Lehenga,Silk,Biba,9900,11605,0.3,54,North,Online,Summer,4.1,0.17,438669.0,No
1280,Kurti,Cotton,FabIndia,5842,3883,0.25,223,South,Retail,Summer,2.7,-0.34,649431.75,No
1281,Top,Silk,Biba,7851,18221,0.21,68,South,Retail,Festive,3.5,1.32,978832.12,No
1282,Saree,Silk,H&M,7138,14744,0.16,141,North,Online,Festive,3.0,1.07,1746279.36,No
1283,Dress,Georgette,Biba,7070,8404,0.13,113,East,Retail,Summer,2.9,0.19,826197.24,No
1284,Saree,Chiffon,H&M,3749,16179,0.03,204,West,Retail,Festive,4.6,3.32,3201500.52,No
1285,Top,Silk,FabIndia,9610,19818,0.12,422,West,Online,Festive,2.6,1.06,7359612.48,Yes
1286,Dress,Cotton,GlobalDesi,8095,4783,0.27,498,East,Retail,Summer,3.5,-0.41,1738811.82,Yes
1287,Top,Linen,Biba,6794,2578,0.24,166,North,Online,Summer,2.9,-0.62,325240.48,No
1288,Lehenga,Silk,GlobalDesi,7027,5910,0.06,107,East,Online,Spring,4.7,-0.16,594427.8,No
1289,Dress,Silk,H&M,6257,12887,0.14,235,South,Online,Summer,3.9,1.06,2604462.7,No
1290,Lehenga,Georgette,Biba,2469,18308,0.25,421,North,Retail,Summer,3.1,6.42,5780751.0,Yes
1291,Saree,Chiffon,Zara,1391,17881,0.02,214,North,Online,Winter,3.8,11.85,3750003.32,No
1292,Saree,Linen,GlobalDesi,4970,2979,0.12,88,North,Online,Spring,4.3,-0.4,230693.76,No
1293,Dress,Cotton,Biba,7675,10396,0.26,133,West,Retail,Spring,4.9,0.35,1023174.32,No
1294,Dress,Linen,GlobalDesi,8820,6051,0.12,480,East,Online,Spring,3.1,-0.31,2555942.4,Yes
1295,Top,Cotton,Biba,9706,10035,0.02,437,North,Retail,Winter,4.7,0.03,4297589.1,Yes
1296,Top,Chiffon,FabIndia,7312,19113,0.16,227,North,Retail,Summer,4.8,1.61,3644466.84,No
1297,Lehenga,Cotton,GlobalDesi,8019,15671,0.26,13,North,Retail,Spring,4.8,0.95,150755.02,No
1298,Dress,Georgette,Zara,5112,1813,0.18,99,East,Retail,Spring,4.1,-0.65,147179.34,No
1299,Saree,Georgette,Zara,1698,17410,0.07,113,West,Online,Festive,4.1,9.25,1829616.9,No
1300,Top,Georgette,H&M,5738,2628,0.12,402,South,Online,Spring,3.5,-0.54,929681.28,Yes
1301,Top,Georgette,Biba,6589,8709,0.14,128,West,Online,Summer,4.4,0.32,958686.72,No
1302,Saree,Linen,GlobalDesi,6757,6388,0.17,142,North,Online,Summer,3.8,-0.05,752889.68,No
1303,Top,Chiffon,H&M,8205,13909,0.23,321,West,Online,Festive,4.2,0.7,3437887.53,Yes
1304,Lehenga,Cotton,GlobalDesi,4219,2823,0.03,105,West,Retail,Spring,3.6,-0.33,287522.55,No
1305,Dress,Cotton,Biba,802,15337,0.27,477,South,Online,Spring,4.3,18.12,5340496.77,Yes
1306,Saree,Georgette,Zara,1486,6691,0.0,443,East,Online,Spring,4.6,3.5,2964113.0,Yes
1307,Dress,Georgette,FabIndia,4940,1880,0.11,340,East,Online,Winter,2.9,-0.62,568888.0,Yes
1308,Top,Silk,Zara,5409,5836,0.01,152,West,Retail,Spring,4.6,0.08,878201.28,No
1309,Top,Chiffon,H&M,3572,16179,0.12,297,West,Retail,Summer,3.9,3.53,4228543.44,Yes
1310,Saree,Linen,FabIndia,3624,11622,0.16,37,East,Online,Summer,4.6,2.21,361211.76,No
1311,Lehenga,Cotton,H&M,8625,3363,0.15,287,East,Retail,Winter,3.6,-0.61,820403.85,Yes
1312,Kurti,Silk,Biba,3791,4092,0.05,242,South,Online,Winter,3.4,0.08,940750.8,Yes
1313,Saree,Silk,FabIndia,4533,4386,0.19,26,North,Online,Spring,4.8,-0.03,92369.16,No
1314,Kurti,Cotton,H&M,5605,16887,0.01,68,West,Retail,Festive,3.1,2.01,1136832.84,No
1315,Kurti,Linen,Biba,1203,16900,0.23,99,East,Retail,Winter,4.6,13.05,1288287.0,No
1316,Lehenga,Silk,Zara,8633,7443,0.28,208,West,Online,Winter,3.7,-0.14,1114663.68,No
1317,Kurti,Silk,Biba,1074,4759,0.1,371,West,Online,Spring,3.8,3.43,1589030.1,Yes
1318,Kurti,Chiffon,GlobalDesi,6204,11805,0.16,450,East,Retail,Spring,3.3,0.9,4462290.0,Yes
1319,Lehenga,Linen,Biba,8348,11575,0.11,35,South,Online,Winter,3.9,0.39,360561.25,No
1320,Kurti,Silk,Biba,5708,961,0.0,34,West,Retail,Festive,3.3,-0.83,32674.0,No
1321,Kurti,Linen,GlobalDesi,7424,16829,0.12,403,South,Online,Winter,2.6,1.27,5968236.56,Yes
1322,Kurti,Cotton,H&M,4328,17777,0.24,310,East,Retail,Spring,3.2,3.11,4188261.2,Yes
1323,Saree,Georgette,H&M,3730,15026,0.18,348,North,Online,Spring,2.5,3.03,4287819.36,Yes
1324,Saree,Silk,Biba,988,11954,0.03,276,North,Online,Winter,4.9,11.1,3200324.88,Yes
1325,Saree,Chiffon,GlobalDesi,7614,12880,0.25,470,West,Retail,Festive,4.9,0.69,4540200.0,Yes
1326,Lehenga,Cotton,GlobalDesi,3673,4190,0.16,190,East,Online,Winter,3.5,0.14,668724.0,No
1327,Top,Linen,Zara,2167,6797,0.25,465,South,Online,Winter,4.3,2.14,2370453.75,Yes
1328,Kurti,Cotton,H&M,4614,13493,0.17,369,West,Retail,Spring,3.4,1.92,4132501.11,Yes
1329,Kurti,Silk,FabIndia,4053,17847,0.17,77,East,Online,Festive,4.2,3.4,1140601.77,No
1330,Lehenga,Linen,H&M,8261,10124,0.03,360,East,Online,Summer,4.5,0.23,3535300.8,Yes
1331,Kurti,Georgette,H&M,1500,1341,0.05,421,South,Online,Festive,4.9,-0.11,536332.95,Yes
1332,Saree,Cotton,Zara,9542,5893,0.29,1872,West,Retail,Winter,2.0,-0.38,9790630.2,Yes
1333,Top,Silk,FabIndia,1888,14228,0.07,330,East,Retail,Winter,4.5,6.54,4366573.2,Yes
1334,Dress,Chiffon,Zara,5950,11966,0.29,58,East,Retail,Winter,3.2,1.01,492759.88,No
1335,Kurti,Linen,FabIndia,4212,18051,0.16,184,East,Online,Festive,5.0,3.29,2789962.56,No
1336,Saree,Cotton,Biba,1867,16863,0.04,61,South,Online,Spring,2.6,8.03,987497.28,No
1337,Dress,Cotton,FabIndia,8689,11058,0.03,111,West,Online,Winter,4.0,0.27,1190614.86,No
1338,Top,Georgette,Zara,9513,16844,0.06,225,West,Online,Winter,4.1,0.77,3562506.0,No
1339,Dress,Georgette,H&M,954,6269,0.28,447,West,Retail,Festive,4.2,5.57,2017614.96,Yes
1340,Saree,Chiffon,FabIndia,3272,7056,0.12,197,West,Online,Summer,2.8,1.16,1223228.16,No
1341,Dress,Chiffon,FabIndia,4226,11520,0.12,66,North,Online,Summer,4.8,1.73,669081.6,No
1342,Lehenga,Silk,GlobalDesi,7732,1969,0.09,56,North,Online,Spring,3.0,-0.75,100340.24,No
1343,Dress,Silk,H&M,5306,1630,0.04,168,West,Retail,Spring,4.1,-0.69,262886.4,No
1344,Kurti,Chiffon,Biba,2690,2451,0.15,498,South,Online,Winter,3.1,-0.09,1037508.3,Yes
1345,Kurti,Chiffon,Zara,9608,18320,0.04,183,North,Online,Festive,3.3,0.91,3218457.6,No
1346,Lehenga,Linen,Biba,3375,19994,0.25,251,East,Online,Winter,3.9,4.92,3763870.5,Yes
1347,Saree,Georgette,H&M,6092,10318,0.11,291,North,Online,Spring,3.5,0.69,2672258.82,Yes
1348,Kurti,Silk,FabIndia,1940,14058,0.11,250,East,Online,Festive,2.9,6.25,3127905.0,Yes
1349,Top,Georgette,FabIndia,9427,16984,0.14,379,West,Retail,Festive,2.9,0.8,5535764.96,Yes
1350,Kurti,Georgette,H&M,6559,1819,0.13,14,North,Online,Spring,3.5,-0.72,22155.42,No
1351,Kurti,Chiffon,FabIndia,7510,10828,0.3,93,South,Online,Summer,4.4,0.44,704902.8,No
1352,Saree,Linen,FabIndia,7617,13248,0.16,317,North,Online,Summer,4.7,0.74,3527677.44,Yes
1353,Dress,Cotton,FabIndia,9653,13285,0.03,370,North,Online,Festive,2.7,0.38,4767986.5,Yes
1354,Kurti,Linen,Zara,3489,2083,0.18,468,North,Online,Winter,3.5,-0.4,799372.08,Yes
1355,Lehenga,Linen,Zara,9718,17843,0.05,257,West,Online,Summer,2.8,0.84,4356368.45,Yes
1356,Dress,Georgette,GlobalDesi,6728,19194,0.01,63,South,Online,Winter,2.5,1.85,1197129.78,No
1357,Top,Linen,Biba,6971,2533,0.29,170,North,Online,Summer,4.2,-0.64,305733.1,No
1358,Saree,Silk,H&M,3363,19309,0.23,443,South,Online,Summer,4.0,4.74,6586492.99,Yes
1359,Top,Georgette,H&M,1677,19355,0.29,431,West,Online,Winter,2.9,10.54,5922823.55,Yes
1360,Dress,Silk,H&M,5260,17030,0.14,420,East,Retail,Spring,3.1,2.24,6151236.0,Yes
1361,Dress,Cotton,GlobalDesi,511,15272,0.16,235,North,Retail,Summer,2.6,28.89,3014692.8,No
1362,Dress,Georgette,Zara,5752,13689,0.05,24,South,Retail,Summer,4.6,1.38,312109.2,No
1363,Top,Cotton,GlobalDesi,4899,4271,0.07,233,South,Retail,Winter,4.9,-0.13,925482.99,No
1364,Dress,Georgette,H&M,8734,9828,0.25,70,West,Online,Spring,2.8,0.13,515970.0,No
1365,Top,Chiffon,Biba,9635,9129,0.11,131,North,Retail,Summer,3.1,-0.05,1064350.11,No
1366,Dress,Linen,FabIndia,5945,2897,0.25,286,East,Retail,Summer,4.7,-0.51,621406.5,Yes
1367,Lehenga,Chiffon,Zara,7070,14882,0.21,220,South,Online,Spring,1.2,1.1,3233114.5,No
1368,Dress,Cotton,Zara,9696,14730,0.05,462,North,Retail,Summer,3.5,0.52,6464997.0,Yes
1369,Top,Linen,GlobalDesi,8712,10877,0.15,399,East,Retail,Spring,2.6,0.25,3688934.55,Yes
1370,Kurti,Georgette,Zara,906,7197,0.2,1212,South,Online,Spring,1.6,6.94,8722764.0,Yes
1371,Dress,Linen,H&M,9706,3557,0.07,71,South,Online,Winter,3.9,-0.63,234868.71,No
1372,Kurti,Silk,H&M,4931,19084,0.25,95,East,Online,Festive,3.5,2.87,1359735.0,No
1373,Lehenga,Linen,GlobalDesi,5743,19794,0.16,455,East,Retail,Spring,2.6,2.45,7565266.8,Yes
1374,Saree,Silk,H&M,7042,18633,0.05,876,West,Retail,Winter,1.8,1.65,19382978.25,No
1375,Lehenga,Linen,Biba,7436,5817,0.17,87,North,Online,Festive,2.5,-0.22,420045.57,No
1376,Dress,Silk,GlobalDesi,9406,17170,0.3,211,North,Online,Summer,4.5,0.83,2536009.0,No
1377,Kurti,Cotton,Biba,4646,8799,0.05,311,West,Retail,Festive,3.3,0.89,2599664.55,Yes
1378,Kurti,Chiffon,FabIndia,640,10995,0.25,406,South,Online,Spring,2.6,16.18,3347977.5,Yes
1379,Top,Georgette,Biba,5382,2896,0.06,232,East,Retail,Spring,4.0,-0.46,631559.68,No
1380,Kurti,Linen,FabIndia,6512,16233,0.23,231,East,Online,Spring,3.5,1.49,2887363.71,No
1381,Top,Chiffon,FabIndia,1463,11395,0.22,48,East,Online,Spring,1.4,6.79,533286.0,No
1382,Saree,Georgette,Biba,7651,16741,0.09,487,South,Retail,Spring,3.9,1.19,7419108.97,Yes
1383,Dress,Georgette,GlobalDesi,9064,15878,0.1,15,East,Online,Winter,3.2,0.75,214353.0,No
1384,Top,Silk,H&M,4110,5905,0.24,102,East,Online,Spring,4.3,0.44,457755.6,No
1385,Saree,Cotton,H&M,7394,3639,0.14,17,West,Online,Winter,3.2,-0.51,53202.18,No
1386,Kurti,Cotton,FabIndia,7811,4184,0.22,437,South,Retail,Summer,4.8,-0.46,1426158.24,Yes
1387,Kurti,Chiffon,FabIndia,605,11651,0.04,244,North,Online,Spring,3.4,18.26,2729130.24,Yes
1388,Saree,Cotton,GlobalDesi,6039,10853,0.26,117,West,Online,Spring,3.9,0.8,939652.74,No
1389,Kurti,Linen,Zara,7287,14293,0.21,170,West,Online,Festive,2.6,0.96,1919549.9,No
1390,Saree,Cotton,Biba,2637,17869,0.27,218,North,Online,Summer,3.6,5.78,2843672.66,No
1391,Top,Chiffon,FabIndia,4945,14939,0.04,249,West,Online,Spring,4.6,2.02,3571018.56,Yes
1392,Top,Cotton,H&M,4030,8331,0.18,340,South,Online,Spring,4.5,1.07,2322682.8,Yes
1393,Saree,Linen,GlobalDesi,1786,5083,0.18,342,East,Retail,Summer,3.1,1.85,1425476.52,Yes
1394,Top,Silk,Biba,7552,8536,0.11,236,South,Retail,Winter,1.4,0.13,2241126.8,No
1395,Top,Chiffon,GlobalDesi,4154,8510,0.14,20,North,Online,Spring,4.5,1.05,146372.0,No
1396,Top,Silk,Biba,7602,2419,0.01,360,North,Retail,Festive,4.8,-0.68,862131.6,Yes
1397,Lehenga,Silk,Biba,2859,14775,0.22,165,West,Retail,Spring,2.7,4.17,1901542.5,No
1398,Dress,Silk,FabIndia,8605,13635,0.16,79,South,Online,Festive,3.6,0.58,904818.6,No
1399,Kurti,Georgette,GlobalDesi,9136,16061,0.02,178,South,Retail,Festive,3.3,0.76,2801680.84,No
1400,Lehenga,Georgette,GlobalDesi,6941,2231,0.2,281,North,Retail,Spring,4.7,-0.68,501528.8,Yes
1401,Top,Silk,H&M,5547,9867,0.14,77,South,Retail,Spring,2.7,0.78,653392.74,No
1402,Saree,Chiffon,H&M,8727,5513,0.01,364,North,Retail,Festive,3.0,-0.37,1986664.68,Yes
1403,Top,Linen,FabIndia,5703,10357,0.29,261,South,Retail,Summer,4.4,0.82,1919255.67,Yes
1404,Dress,Linen,FabIndia,2298,10235,0.28,57,South,Retail,Summer,2.6,3.45,420044.4,No
1405,Top,Cotton,Zara,5791,5798,0.15,193,South,Retail,Spring,3.7,0.0,951161.9,No
1406,Saree,Chiffon,H&M,5995,962,0.03,329,North,Retail,Winter,3.6,-0.84,307003.06,Yes
1407,Dress,Georgette,Biba,6784,2774,0.23,196,West,Online,Summer,3.3,-0.59,418652.08,No
1408,Top,Silk,GlobalDesi,7785,9261,0.15,99,South,Online,Spring,3.5,0.19,779313.15,No
1409,Dress,Cotton,FabIndia,1800,17815,0.09,455,North,Retail,Summer,3.8,8.9,7376300.75,Yes
1410,Kurti,Linen,GlobalDesi,7369,18089,0.15,341,North,Retail,Winter,2.9,1.45,5243096.65,Yes
1411,Kurti,Georgette,GlobalDesi,9935,2814,0.16,148,South,Online,Spring,3.9,-0.72,349836.48,No
1412,Top,Georgette,Zara,3597,10633,0.17,366,South,Retail,Winter,4.5,1.96,3230092.74,Yes
1413,Dress,Silk,H&M,5116,8696,0.13,98,West,Retail,Spring,4.4,0.7,741420.96,No
1414,Saree,Linen,FabIndia,509,1004,0.18,283,North,Online,Winter,2.9,0.97,232988.24,Yes
1415,Top,Chiffon,GlobalDesi,6252,17765,0.28,28,North,Online,Summer,2.9,1.84,358142.4,No
1416,Kurti,Georgette,FabIndia,6795,9832,0.11,480,East,Online,Summer,3.2,0.45,4200230.4,Yes
1417,Kurti,Silk,Biba,5315,6147,0.22,320,North,Retail,Winter,3.4,0.16,1534291.2,Yes
1418,Top,Chiffon,Zara,1572,3443,0.27,1468,West,Retail,Winter,1.7,1.19,4612070.65,Yes
1419,Dress,Linen,Biba,3725,8817,0.14,383,East,Online,Winter,4.2,1.37,2904143.46,Yes
1420,Kurti,Georgette,FabIndia,1816,19481,0.13,475,East,Online,Spring,2.6,9.73,8050523.25,Yes
1421,Dress,Chiffon,FabIndia,6199,18058,0.18,163,East,Retail,Summer,2.6,1.91,2413632.28,No
1422,Kurti,Chiffon,H&M,7307,6360,0.18,399,South,Online,Spring,3.5,-0.13,2080864.8,Yes
1423,Kurti,Chiffon,GlobalDesi,7174,16692,0.24,269,South,Retail,Summer,4.2,1.33,3412512.48,Yes
1424,Lehenga,Georgette,GlobalDesi,4183,15331,0.14,117,North,Retail,Festive,3.0,2.67,1542605.22,No
1425,Kurti,Georgette,Biba,7727,17873,0.3,380,East,Online,Spring,4.1,1.31,4754218.0,Yes
1426,Saree,Cotton,Zara,3773,4800,0.02,294,West,Online,Summer,3.1,0.27,1382976.0,Yes
1427,Top,Linen,GlobalDesi,7500,15089,0.0,68,South,Retail,Summer,4.7,1.01,1026052.0,No
1428,Top,Silk,H&M,645,17855,0.19,134,West,Online,Spring,4.7,26.68,1937981.7,No
1429,Dress,Chiffon,Biba,5510,8727,0.09,363,West,Online,Spring,3.2,0.58,2882789.91,Yes
1430,Kurti,Cotton,Biba,3540,16362,0.07,282,South,Online,Summer,3.1,3.62,4291098.12,Yes
1431,Saree,Silk,H&M,982,1971,0.09,116,South,Online,Spring,3.5,1.01,208058.76,No
1432,Dress,Cotton,Zara,3679,12718,0.08,308,South,Retail,Winter,3.1,2.46,3603772.48,Yes
1433,Lehenga,Georgette,H&M,1749,9935,0.01,254,South,Retail,Spring,4.2,4.68,2498255.1,Yes
1434,Dress,Chiffon,Zara,1130,7142,0.29,345,East,Retail,Spring,4.6,5.32,1749432.9,Yes
1435,Dress,Silk,H&M,9353,18633,0.07,459,East,Retail,Spring,4.2,0.99,7953868.71,Yes
1436,Kurti,Silk,H&M,3352,12729,0.22,427,East,Online,Summer,4.6,2.8,4239520.74,Yes
1437,Lehenga,Silk,FabIndia,1487,3339,0.23,256,East,Online,Winter,3.5,1.25,658183.68,Yes
1438,Dress,Silk,Biba,8122,4759,0.28,17,North,Retail,Festive,2.9,-0.41,58250.16,No
1439,Saree,Silk,H&M,7827,13983,0.01,150,East,Retail,Festive,4.3,0.79,2076475.5,No
1440,Saree,Cotton,H&M,9341,6232,0.26,371,South,Online,Winter,3.4,-0.33,1710933.28,Yes
1441,Top,Chiffon,GlobalDesi,9660,19545,0.16,17,West,Retail,Winter,4.2,1.02,279102.6,No
1442,Lehenga,Georgette,Biba,1600,2553,0.19,487,East,Retail,Winter,3.2,0.6,1007081.91,Yes
1443,Lehenga,Georgette,GlobalDesi,7152,19122,0.19,361,North,Online,Summer,2.7,1.67,5591464.02,Yes
1444,Top,Georgette,Biba,9132,10923,0.25,493,South,Retail,Festive,5.0,0.2,4038779.25,Yes
1445,Dress,Georgette,GlobalDesi,7921,17176,0.1,103,West,Online,Winter,2.9,1.17,1592215.2,No
1446,Lehenga,Cotton,H&M,5516,7388,0.22,330,West,Online,Summer,5.0,0.34,1901671.2,Yes
1447,Saree,Linen,H&M,1269,7104,0.16,436,East,Retail,Festive,4.9,4.6,2601768.96,Yes
1448,Saree,Chiffon,FabIndia,1843,8145,0.24,48,West,Online,Spring,4.5,3.42,297129.6,No
1449,Kurti,Silk,GlobalDesi,4858,16152,0.3,90,East,Retail,Summer,4.1,2.32,1017576.0,No
1450,Lehenga,Linen,Zara,7280,1397,0.06,784,East,Online,Festive,1.8,-0.81,1286916.4,No
1451,Dress,Georgette,FabIndia,7102,3136,0.3,93,South,Retail,Summer,4.7,-0.56,204153.6,No
1452,Top,Linen,GlobalDesi,2849,10679,0.03,97,South,Retail,Festive,3.2,2.75,1004787.11,No
1453,Top,Chiffon,GlobalDesi,6199,1372,0.0,251,North,Retail,Festive,3.7,-0.78,344372.0,Yes
1454,Dress,Silk,FabIndia,1741,8321,0.01,351,South,Online,Spring,4.0,3.78,2891464.29,Yes
1455,Kurti,Silk,H&M,1625,6971,0.1,102,South,Online,Summer,3.5,3.29,639937.8,No
1456,Top,Chiffon,GlobalDesi,9882,19274,0.19,95,East,Retail,Winter,3.6,0.95,1483134.3,No
1457,Lehenga,Chiffon,H&M,7264,14792,0.02,53,South,Online,Spring,3.3,1.04,768296.48,No
1458,Kurti,Georgette,FabIndia,5601,12661,0.0,146,East,Retail,Spring,3.9,1.26,1848506.0,No
1459,Lehenga,Silk,H&M,8343,13264,0.28,430,East,Retail,Festive,4.6,0.59,4106534.4,Yes
1460,Saree,Linen,Biba,572,2433,0.25,83,South,Online,Winter,3.0,3.25,151454.25,No
1461,Kurti,Cotton,Zara,5972,18701,0.24,45,North,Retail,Summer,4.8,2.13,639574.2,No
1462,Top,Cotton,GlobalDesi,5689,13285,0.27,110,North,Online,Winter,4.2,1.34,1066785.5,No
1463,Kurti,Chiffon,Zara,2972,11649,0.21,485,West,Retail,Winter,4.6,2.92,4463314.35,Yes
1464,Kurti,Georgette,H&M,1207,4448,0.03,165,West,Online,Winter,3.9,2.69,711902.4,No
1465,Kurti,Cotton,GlobalDesi,2304,15977,0.12,435,South,Retail,Winter,4.4,5.93,6115995.6,Yes
1466,Kurti,Silk,H&M,7204,13940,0.22,264,North,Retail,Winter,2.5,0.94,2870524.8,Yes
1467,Lehenga,Chiffon,Biba,4213,18721,0.08,180,East,Online,Festive,4.5,3.44,3100197.6,No
1468,Saree,Linen,FabIndia,5551,15157,0.21,478,West,Retail,Festive,2.6,1.73,5723586.34,Yes
1469,Dress,Chiffon,GlobalDesi,2975,14168,0.01,225,East,Retail,Spring,4.7,3.76,3155922.0,No
1470,Kurti,Linen,Biba,4110,3937,0.09,179,West,Online,Festive,5.0,-0.04,641297.93,No
1471,Top,Chiffon,Biba,4755,897,0.16,261,South,Retail,Spring,3.2,-0.81,196658.28,Yes
1472,Kurti,Chiffon,GlobalDesi,7897,12207,0.19,369,North,Online,Spring,3.0,0.55,3648550.23,Yes
1473,Top,Chiffon,H&M,2235,13522,0.17,331,West,Retail,Summer,4.4,5.05,3714899.06,Yes
1474,Lehenga,Linen,Biba,8758,13724,0.21,64,North,Online,Winter,3.1,0.57,693885.44,No
1475,Top,Linen,Zara,8479,4550,0.0,465,East,Retail,Festive,4.7,-0.46,2115750.0,Yes
1476,Dress,Chiffon,Biba,2928,9335,0.03,441,South,Retail,Summer,2.8,2.19,3993232.95,Yes
1477,Saree,Cotton,H&M,7926,5466,0.26,100,North,Retail,Festive,2.8,-0.31,404484.0,No
1478,Top,Georgette,H&M,9033,16809,0.2,287,South,Online,Spring,4.9,0.86,3859346.4,Yes
1479,Top,Georgette,Zara,5749,17794,0.03,110,North,Online,Festive,4.2,2.1,1898619.8,No
1480,Saree,Georgette,Biba,5791,2527,0.25,164,East,Online,Winter,4.6,-0.56,310821.0,No
1481,Dress,Linen,H&M,3317,2654,0.07,386,East,Online,Spring,3.3,-0.2,952732.92,Yes
1482,Kurti,Linen,GlobalDesi,9924,11600,0.14,1432,South,Retail,Spring,1.8,0.17,17857040.0,Yes
1483,Top,Cotton,FabIndia,4374,5855,0.04,460,East,Retail,Summer,4.0,0.34,2585568.0,Yes
1484,Saree,Georgette,FabIndia,4711,11071,0.21,373,West,Online,Winter,4.0,1.35,3262291.57,Yes
1485,Lehenga,Georgette,FabIndia,1161,19508,0.2,150,North,Online,Spring,4.2,15.8,2340960.0,No
1486,Saree,Chiffon,Biba,3874,13619,0.06,182,East,Online,Winter,3.9,2.52,2329938.52,No
1487,Lehenga,Linen,Zara,9708,10169,0.26,19,West,Retail,Festive,3.6,0.05,142976.14,No
1488,Dress,Georgette,H&M,707,10083,0.12,237,South,Online,Winter,3.2,13.26,2102910.48,Yes
1489,Kurti,Cotton,GlobalDesi,3165,13971,0.09,274,West,Online,Spring,4.4,3.41,3483529.14,Yes
1490,Saree,Cotton,GlobalDesi,2993,6574,0.05,447,South,Retail,Summer,3.1,1.2,2791649.1,Yes
1491,Top,Georgette,Biba,7313,7319,0.08,257,South,Retail,Spring,4.2,0.0,1730504.36,Yes
1492,Dress,Linen,FabIndia,1132,11783,0.01,256,North,Online,Winter,3.1,9.41,2986283.52,Yes
1493,Saree,Cotton,Biba,3583,18933,0.17,164,North,Retail,Winter,4.1,4.28,2577159.96,No
1494,Top,Chiffon,Zara,4219,15739,0.25,43,West,Online,Spring,4.4,2.73,507582.75,No
1495,Saree,Cotton,Zara,7623,1581,0.16,138,North,Retail,Winter,3.0,-0.79,183269.52,No
1496,Lehenga,Silk,H&M,2179,17082,0.07,169,North,Online,Festive,2.6,6.84,2684777.94,No
1497,Saree,Silk,H&M,736,7623,0.01,98,North,Online,Spring,2.8,9.36,739583.46,No
1498,Saree,Linen,Zara,7946,19289,0.06,102,West,Online,Summer,4.0,1.43,1849429.32,No
1499,Saree,Georgette,Zara,4943,7993,0.12,336,East,Online,Spring,4.6,0.62,2363370.24,Yes
